giorno,data_pubblicazione,orario_pubblicazione,strategia,canale_sorgente,url_sorgente_reale,titolo_originale,vph_sorgente,titolo_adattato,hook_3_secondi,caption_descrizione,hashtag_set,comando_cli
1,2026-08-27,19:00,A,PsicologiaFemminile-f8c,https://www.youtube.com/watch?v=8_RZCbkuIQk,7 tocchi che faranno innamorare perdutamente una donna matura di te #psicologia  #relazioni,10.62,7 Tocchi Che Fanno Innamorare Una Donna Di Te (Funzionano Davvero),"Esistono 7 punti del corpo che, se tocchi nel modo giusto, cambiano tutto.","Non e' magia, e' psicologia del contatto: 7 tocchi che una donna sente e ricorda. Guarda fino alla fine per il numero 7.",#relazioni #psicologia #segnalidilei #linguaggiodelcorpo #attrazione #legamidiamore,python apex7_orchestrator.py run --canale legamidiamore --video-sorgente https://www.youtube.com/watch?v=8_RZCbkuIQk --phase 1
1,2026-08-27,20:30,B,PsicologiadellAttrazionee,https://www.youtube.com/watch?v=V8m6irmPZmM,7 segnali che sei un uomo incredibilmente attraente,2.33,7 Segnali Che Dimostrano Che Sei Gia' Un Uomo Attraente (Anche Se Non Lo Sai),Forse sei gia' attraente e non te ne sei accorto. Ecco 7 prove.,L'attrattivita' maschile ha segnali precisi — controlla quanti ne riconosci in te.,#relazioni #psicologia #attrazione #uomoattraente #legamidiamore #crescitapersonale,python apex7_orchestrator.py run --canale legamidiamore --video-sorgente https://www.youtube.com/watch?v=V8m6irmPZmM --phase 1
1,2026-08-27,21:30,C,DinamicheSocialiAcademy,https://www.youtube.com/watch?v=TcKrM6hOctg,Perché gli uomini stanno scomparendo La verità sul gioco truccato 🛑,2.28,Perche' Sempre Piu' Uomini Scompaiono Dal Mercato Degli Appuntamenti (La Verita'),Gli uomini non stanno sparendo per caso. C'e' una ragione precisa.,La verita' scomoda su perche' sempre piu' uomini si ritirano dagli appuntamenti.,#relazioni #psicologia #veritascomoda #uomini #legamidiamore #societa,python apex7_orchestrator.py run --canale legamidiamore --video-sorgente https://www.youtube.com/watch?v=TcKrM6hOctg --phase 1
2,2026-08-28,19:00,A,PsicologiaFemminile-f8c,https://www.youtube.com/watch?v=CxdlEsEnZ9g,"Se una donna sta sviluppando dei sentimenti per te, dirà queste 7 cose | Fatti di psicologia",10.27,7 Cose Che Una Donna Dice Solo Quando Sta Iniziando Ad Innamorarsi Di Te,"Se sente qualcosa per te, lo dice senza accorgersene — in 7 modi precisi.",Le parole tradiscono i sentimenti prima dei gesti. Ecco le 7 frasi che segnalano che sta iniziando a innamorarsi.,#relazioni #psicologia #segnalidilei #linguaggioverbale #attrazione #legamidiamore,python apex7_orchestrator.py run --canale legamidiamore --video-sorgente https://www.youtube.com/watch?v=CxdlEsEnZ9g --phase 1
2,2026-08-28,21:30,C,DinamicheSocialiAcademy,https://www.youtube.com/watch?v=CzQ9UWUWp3c,Perché l'80% degli uomini è diventato INVISIBILE La verità shock over 30,1.78,Perche' Dopo I 30 Anni Molti Uomini Diventano 'Invisibili' Nel Dating,"Dopo i 30, qualcosa cambia davvero nel modo in cui vieni notato.",La verita' su perche' tanti uomini oltre i 30 anni si sentono invisibili — e cosa fare.,#relazioni #psicologia #uomini #veritascomoda #legamidiamore #societa,python apex7_orchestrator.py run --canale legamidiamore --video-sorgente https://www.youtube.com/watch?v=CzQ9UWUWp3c --phase 1
3,2026-08-29,19:00,A,PsicologiaFemminile-f8c,https://www.youtube.com/watch?v=qHB80wbamBI,4 segnali che indicano che lei ti desidera segretamente: riconoscili prima che sia troppo tardi!,5.77,4 Segnali Che Lei Ti Desidera In Segreto (E Che Quasi Nessun Uomo Nota),Lei non te lo dira' mai a parole — ma il corpo parla comunque.,4 segnali sottili di desiderio che passano inosservati. Riconoscerli prima che sia troppo tardi.,#relazioni #psicologia #segnalidilei #desiderio #attrazione #legamidiamore,python apex7_orchestrator.py run --canale legamidiamore --video-sorgente https://www.youtube.com/watch?v=qHB80wbamBI --phase 1
3,2026-08-29,20:30,B,PsicologiadellAttrazionee,https://www.youtube.com/watch?v=l6iiReMUTC4,6 Abilità Sociali Che Ti Rendono Incredibilmente Attraente Per Le Donne,1.78,6 Abilita' Sociali Che Ti Rendono Molto Piu' Attraente (Si Allenano),L'attrazione si allena: ecco 6 abilita' sociali concrete.,"6 abilita' sociali allenabili che aumentano la tua attrattivita', spiegate passo per passo.",#relazioni #psicologia #abilitasociali #attrazione #legamidiamore #crescitapersonale,python apex7_orchestrator.py run --canale legamidiamore --video-sorgente https://www.youtube.com/watch?v=l6iiReMUTC4 --phase 1
3,2026-08-29,21:30,C,DinamicheSocialiAcademy,https://www.youtube.com/watch?v=iCaIzO1VB-I,Solitudine Maschile Il Falso Mito Che Ti Distrugge,0.68,Il Falso Mito Sulla Solitudine Maschile Che Fa Piu' Danni Della Solitudine Stessa,C'e' un mito sulla solitudine maschile che fa piu' male della solitudine stessa.,"Il mito da sfatare sulla solitudine maschile, e perche' crederci peggiora le cose.",#relazioni #psicologia #solitudine #uomini #legamidiamore #societa,python apex7_orchestrator.py run --canale legamidiamore --video-sorgente https://www.youtube.com/watch?v=iCaIzO1VB-I --phase 1
4,2026-08-30,19:00,A,PsicologiaFemminile-f8c,https://www.youtube.com/watch?v=XABjAjqfUxw,Lei non può resisterti: il trucco per un'attrazione immediata per gli uomini,5.42,Il Trucco Psicologico Che Rende Un Uomo Irresistibile Fin Dal Primo Sguardo,C'e' un dettaglio che decide l'attrazione nei primi 5 secondi.,Non e' l'aspetto fisico: e' un trucco psicologico preciso che puoi applicare da stasera.,#relazioni #psicologia #attrazione #primaimpressione #legamidiamore #psicologiadellamore,python apex7_orchestrator.py run --canale legamidiamore --video-sorgente https://www.youtube.com/watch?v=XABjAjqfUxw --phase 1
4,2026-08-30,20:30,B,PsicologiadellAttrazionee,https://www.youtube.com/watch?v=1nDqK1FUJgs,Quando fa questo… l’attrazione è già presente (Non te lo dirà mai),1.58,"Quando Lei Fa Questo, L'Attrazione E' Gia' Scattata (Anche Se Non Lo Ammette)",C'e' un gesto che rivela l'attrazione prima ancora che lei se ne accorga.,Un gesto specifico che tradisce l'attrazione — e che lei non ammettera' mai a parole.,#relazioni #psicologia #segnalidilei #attrazione #legamidiamore #tecnica,python apex7_orchestrator.py run --canale legamidiamore --video-sorgente https://www.youtube.com/watch?v=1nDqK1FUJgs --phase 1
4,2026-08-30,21:30,C,DinamicheSocialiAcademy,https://www.youtube.com/watch?v=RlxkUN3e3pc,Perché i bravi ragazzi spariscono La verità sul ritiro ⚠️,0.55,Perche' I 'Bravi Ragazzi' Finiscono Per Ritirarsi Dal Gioco (La Verita'),I bravi ragazzi non spariscono per caso. Ecco cosa succede davvero.,La verita' psicologica dietro il ritiro dei 'bravi ragazzi' dal dating.,#relazioni #psicologia #uomini #veritascomoda #legamidiamore #societa,python apex7_orchestrator.py run --canale legamidiamore --video-sorgente https://www.youtube.com/watch?v=RlxkUN3e3pc --phase 1
5,2026-08-31,19:00,A,PsicologiaFemminile-f8c,https://www.youtube.com/watch?v=AXvmuRR4cdY,Perché le donne tornano dopo averti rifiutato? | Psicologia femminile,5.36,Perche' Una Donna Torna Da Te Dopo Averti Rifiutato (La Psicologia Dietro),Ti ha rifiutato... eppure torna. Ecco perche' succede davvero.,"Il rifiuto non e' sempre la fine: la psicologia spiega perche' lei puo' tornare, e quando.",#relazioni #psicologia #rifiuto #legamidiamore #psicologiadellamore #attrazione,python apex7_orchestrator.py run --canale legamidiamore --video-sorgente https://www.youtube.com/watch?v=AXvmuRR4cdY --phase 1
5,2026-08-31,21:30,C,DinamicheSocialiAcademy,https://www.youtube.com/watch?v=vRHx6bAEHNU,Perché sei single da sempre La verità che ti blocca,0.52,Perche' Sei Single Da Sempre: La Verita' Psicologica Che Ti Blocca,"Se sei single da sempre, il motivo probabilmente non e' quello che pensi.",La vera causa psicologica dietro una lunga serie di 'da solo' — spiegata senza filtri.,#relazioni #psicologia #single #veritascomoda #legamidiamore #crescitapersonale,python apex7_orchestrator.py run --canale legamidiamore --video-sorgente https://www.youtube.com/watch?v=vRHx6bAEHNU --phase 1
6,2026-09-01,20:30,B,PsicologiadellAttrazionee,https://www.youtube.com/watch?v=8kQdIfI4MEc,Come farle pensare a te senza inviarle nemmeno un messaggio,1.24,Come Restare Nei Suoi Pensieri Senza Scriverle Nemmeno Un Messaggio,Non serve scrivere per restare nella sua testa. Serve fare questo.,"La tecnica psicologica per restare presente nei suoi pensieri, senza inviare un solo messaggio.",#relazioni #psicologia #tecnica #attrazione #legamidiamore #psicologiadellamore,python apex7_orchestrator.py run --canale legamidiamore --video-sorgente https://www.youtube.com/watch?v=8kQdIfI4MEc --phase 1
6,2026-09-01,19:00,A,PsicologiaFemminile-f8c,https://www.youtube.com/watch?v=kY02KtQfyX0,6 segnali nascosti che indicano che una donna ti desidera (ma non lo dirà) | Psicologia femminile,5.14,6 Segnali Nascosti Che Una Donna Ti Desidera (Anche Se Non Lo Ammettera' Mai),Non lo dira' mai a voce alta — ma questi 6 segnali la tradiscono.,6 segnali nascosti di desiderio femminile che sfuggono alla maggior parte degli uomini.,#relazioni #psicologia #segnalidilei #desiderio #attrazione #legamidiamore,python apex7_orchestrator.py run --canale legamidiamore --video-sorgente https://www.youtube.com/watch?v=kY02KtQfyX0 --phase 1
7,2026-09-02,19:00,A,PsicologiaFemminile-f8c,https://www.youtube.com/watch?v=IkEmUmnSPI4,Lei non può resisterti: il trucco per l'attrazione istantanea per gli uomini,5.07,Il Trucco Dell'Attrazione Istantanea Che Pochi Uomini Conoscono,L'attrazione istantanea non e' fortuna: e' un meccanismo psicologico preciso.,Ecco il trucco che genera attrazione istantanea — spiegato passo dopo passo.,#relazioni #psicologia #attrazione #legamidiamore #psicologiadellamore #segnalidilei,python apex7_orchestrator.py run --canale legamidiamore --video-sorgente https://www.youtube.com/watch?v=IkEmUmnSPI4 --phase 1
7,2026-09-02,21:30,C,DinamicheSocialiAcademy,https://www.youtube.com/watch?v=0r_fGgGXspg,5 Segnali Infallibili che Lei è Attratta da Te Smetti di Sbagliare!,0.5,5 Segnali Infallibili Di Attrazione Che Continui A Interpretare Male,Continui a sbagliare la lettura di questi 5 segnali. Ecco come leggerli davvero.,"5 segnali infallibili di attrazione, spiegati per smettere di fraintenderli.",#relazioni #psicologia #segnalidilei #attrazione #legamidiamore #veritascomoda,python apex7_orchestrator.py run --canale legamidiamore --video-sorgente https://www.youtube.com/watch?v=0r_fGgGXspg --phase 1
8,2026-09-03,19:00,A,PsicologiaFemminile-f8c,https://www.youtube.com/watch?v=VejNn26Ndlg,Come una donna inizia a sentire la tua mancanza dopo che te ne sei andato,4.55,Cosa Succede Nella Mente Di Una Donna Quando Inizia A Sentire La Tua Mancanza,C'e' un momento preciso in cui inizia a mancarle — ecco quando.,La psicologia dietro il momento esatto in cui una donna inizia a sentire la tua mancanza.,#relazioni #psicologia #mancanza #legamidiamore #psicologiadellamore #attrazione,python apex7_orchestrator.py run --canale legamidiamore --video-sorgente https://www.youtube.com/watch?v=VejNn26Ndlg --phase 1
8,2026-09-03,21:30,C,DinamicheSocialiAcademy,https://www.youtube.com/watch?v=Lo9aL7U9F9s,Perché nessuno ti risponde più La verità scioccante del 2026 🚫,0.32,Perche' Nel 2026 Sempre Meno Persone Rispondono Ai Messaggi (La Verita'),"Non sei tu. E' cambiato il modo in cui le persone rispondono, punto.",La verita' sul perche' le risposte ai messaggi sono crollate nel 2026 — e come adattarsi.,#relazioni #psicologia #dating2026 #veritascomoda #legamidiamore #societa,python apex7_orchestrator.py run --canale legamidiamore --video-sorgente https://www.youtube.com/watch?v=Lo9aL7U9F9s --phase 1
9,2026-09-04,19:00,A,PsicologiaFemminile-f8c,https://www.youtube.com/watch?v=chVKOBlEpDI,Pensi che non sia interessata? Guarda prima questo,4.45,Pensi Che Non Sia Interessata? Guarda Questi Segnali Prima Di Arrenderti,"Prima di pensare che non le interessi, guarda questo.",A volte il disinteresse e' solo apparenza. Questi segnali dicono la verita'.,#relazioni #psicologia #segnalidilei #dubbio #attrazione #legamidiamore,python apex7_orchestrator.py run --canale legamidiamore --video-sorgente https://www.youtube.com/watch?v=chVKOBlEpDI --phase 1
9,2026-09-04,21:30,C,DinamicheSocialiAcademy,https://www.youtube.com/watch?v=BZm_ajOnSt0,La Cruda Verità sull'Altezza Perché l'85% degli Uomini è Invisibile,0.3,La Cruda Verita' Sull'Altezza Nel Dating (E Perche' Conta Meno Di Quanto Pensi),"L'altezza conta, ma non nel modo in cui pensi che conti.","La verita' scomoda sull'altezza nel dating, ridimensionata con dati e psicologia reale.",#relazioni #psicologia #dating #veritascomoda #legamidiamore #societa,python apex7_orchestrator.py run --canale legamidiamore --video-sorgente https://www.youtube.com/watch?v=BZm_ajOnSt0 --phase 1
10,2026-09-05,19:00,A,PsicologiaFemminile-f8c,https://www.youtube.com/watch?v=9UND8IgmOME,"Dimentica il ""nessun contatto"": fa ancora più male del tuo silenzio | Psicologia femminile",4.11,Perche' Il 'No Contact' Le Fa Piu' Male Del Tuo Silenzio (Verita' Psicologica),Il silenzio non e' la parte piu' dolorosa — e' quello che viene dopo.,La psicologia del no-contact spiegata: perche' fa piu' male di quanto pensi.,#relazioni #psicologia #nocontact #legamidiamore #psicologiadellamore #rottura,python apex7_orchestrator.py run --canale legamidiamore --video-sorgente https://www.youtube.com/watch?v=9UND8IgmOME --phase 1
10,2026-09-05,20:30,B,PsicologiadellAttrazionee,https://www.youtube.com/watch?v=If2X61nvDpI,7 SEGNALI che lei è già ATTRATTA da te (ma non te lo dirà mai),0.94,7 Segnali Che Lei E' Gia' Attratta Da Te (Prima Che Lo Dica A Parole),L'attrazione arriva prima delle parole — ecco 7 modi per riconoscerla.,"7 segnali concreti che l'attrazione e' gia' scattata, anche se lei non lo dira'.",#relazioni #psicologia #segnalidilei #attrazione #legamidiamore #tecnica,python apex7_orchestrator.py run --canale legamidiamore --video-sorgente https://www.youtube.com/watch?v=If2X61nvDpI --phase 1
10,2026-09-05,21:30,C,DinamicheSocialiAcademy,https://www.youtube.com/watch?v=j3ywIxPFAfo,Come Capire Se Le Piaci Davvero Senza Fare Il Primo Passo I Segnali Inconsci Che Nessuno Ti Dice,0.21,Come Sapere Se Le Piaci Davvero Senza Fare Il Primo Passo (Segnali Inconsci),"Ci sono segnali inconsci che rivelano tutto, prima ancora di parlare.","I segnali inconsci che rivelano il suo interesse, senza bisogno di esporti per primo.",#relazioni #psicologia #segnalidilei #segnaliinconsci #legamidiamore #attrazione,python apex7_orchestrator.py run --canale legamidiamore --video-sorgente https://www.youtube.com/watch?v=j3ywIxPFAfo --phase 1
11,2026-09-06,19:00,A,PsicologiaFemminile-f8c,https://www.youtube.com/watch?v=XHveMwvoB2M,3 chiari segnali che una donna desidera segretamente l'intimità con te,3.01,3 Segnali Chiari Che Una Donna Desidera L'Intimita' (Anche Se Non Lo Dice),"3 segnali chiari, quasi impossibili da nascondere.",Il desiderio di intimita' si manifesta in modi precisi. Ecco i 3 segnali da riconoscere.,#relazioni #psicologia #segnalidilei #intimita #attrazione #legamidiamore,python apex7_orchestrator.py run --canale legamidiamore --video-sorgente https://www.youtube.com/watch?v=XHveMwvoB2M --phase 1
11,2026-09-06,20:30,B,PsicologiadellAttrazionee,https://www.youtube.com/watch?v=KmMx0CpFy5Y,7 Segnali CHIARI che lei è attratta da te… ma sta per perdere interesse,0.48,"Attratta Da Te, Ma Sta Per Perdere Interesse: 7 Segnali Da Non Ignorare","L'attrazione c'e' ancora, ma sta per svanire — questi 7 segnali te lo dicono.","7 segnali che indicano che l'interesse sta calando, in tempo per intervenire.",#relazioni #psicologia #segnalidilei #interesse #legamidiamore #tecnica,python apex7_orchestrator.py run --canale legamidiamore --video-sorgente https://www.youtube.com/watch?v=KmMx0CpFy5Y --phase 1
11,2026-09-06,21:30,C,DinamicheSocialiAcademy,https://www.youtube.com/watch?v=AiPPUVsy8TY,3 Test infallibili per capire se sta con te per i soldi,0.21,3 Modi Psicologici Per Capire Se Ti Ama Per Te O Per Altro,Ci sono 3 modi per capire cosa cerca davvero in te.,"3 test psicologici, non accusatori, per leggere le vere motivazioni in una relazione.",#relazioni #psicologia #veritascomoda #legamidiamore #societa #attrazione,python apex7_orchestrator.py run --canale legamidiamore --video-sorgente https://www.youtube.com/watch?v=AiPPUVsy8TY --phase 1
12,2026-09-07,19:00,A,PsicologiaFemminile-f8c,https://www.youtube.com/watch?v=VB9Dkd5w1MM,Le donne sono fedeli a UNA cosa sola – e non è quello che fai per loro,2.6,L'Unica Cosa A Cui Una Donna Resta Davvero Fedele (Non E' Quello Che Pensi),Non e' quello che fai per lei. E' qualcos'altro.,La fedelta' femminile ha una sola vera radice psicologica — e non e' quella che pensi.,#relazioni #psicologia #fedelta #legamidiamore #psicologiadellamore #attrazione,python apex7_orchestrator.py run --canale legamidiamore --video-sorgente https://www.youtube.com/watch?v=VB9Dkd5w1MM --phase 1
12,2026-09-07,21:30,C,DinamicheSocialiAcademy,https://www.youtube.com/watch?v=wvMbDjmq1Tw,Perché le donne moderne sono infelici in amore 5 Motivi,0.15,5 Motivi Psicologici Per Cui Tante Donne Sono Infelici In Amore Oggi,L'infelicita' in amore oggi ha 5 cause psicologiche precise.,"5 ragioni psicologiche dietro l'infelicita' amorosa moderna, spiegate senza luoghi comuni.",#relazioni #psicologia #societa #veritascomoda #legamidiamore #psicologiadellamore,python apex7_orchestrator.py run --canale legamidiamore --video-sorgente https://www.youtube.com/watch?v=wvMbDjmq1Tw --phase 1
13,2026-09-08,20:30,B,PsicologiadellAttrazionee,https://www.youtube.com/watch?v=5Dq7kG9ORFk,Le donne diventano dipendenti quando fai questo (senza toccarle),0.45,Cosa Crea Un Legame Emotivo Forte Senza Bisogno Di Un Solo Contatto Fisico,Il legame piu' forte non nasce dal contatto fisico. Nasce da questo.,"La tecnica psicologica che crea connessione emotiva profonda, senza toccarla nemmeno una volta.",#relazioni #psicologia #connessioneemotiva #tecnica #legamidiamore #attrazione,python apex7_orchestrator.py run --canale legamidiamore --video-sorgente https://www.youtube.com/watch?v=5Dq7kG9ORFk --phase 1
13,2026-09-08,21:30,C,DinamicheSocialiAcademy,https://www.youtube.com/watch?v=VQTyQXCR8Y8,Segnali di Manipolazione L'Intimità Finta,0.14,Come Riconoscere L'Intimita' Finta E I Segnali Di Manipolazione Emotiva,Non tutta l'intimita' e' vera. Ecco come riconoscere quella finta.,Come distinguere l'intimita' autentica dalla manipolazione emotiva — segnali da cui proteggersi.,#relazioni #psicologia #manipolazioneemotiva #consapevolezza #legamidiamore #societa,python apex7_orchestrator.py run --canale legamidiamore --video-sorgente https://www.youtube.com/watch?v=VQTyQXCR8Y8 --phase 1
14,2026-09-09,19:00,A,PsicologiaFemminile-f8c,https://www.youtube.com/watch?v=OhbmC_CXL3w,"🔥 Se una donna ti mostra questa specifica parte del suo corpo, cosa significa davvero?",2.47,Cosa Significa Davvero Se Una Donna Ti Mostra Questa Parte Del Corpo,C'e' un gesto specifico che rivela molto piu' di quanto sembri.,Il linguaggio del corpo non mente: ecco cosa significa davvero questo gesto.,#relazioni #psicologia #linguaggiodelcorpo #segnalidilei #attrazione #legamidiamore,python apex7_orchestrator.py run --canale legamidiamore --video-sorgente https://www.youtube.com/watch?v=OhbmC_CXL3w --phase 1
14,2026-09-09,21:30,C,DinamicheSocialiAcademy,https://www.youtube.com/watch?v=02m975jf_5A,IL POTERE DEL NO CONTACT CON UNA MANIPOLATRICE Ignorala e Guarda Cosa Succede,0.13,Perche' Il No Contact Funziona Davvero Con Chi Ti Manipola Emotivamente,"Con chi manipola, il silenzio e' la risposta piu' potente.",La psicologia del no-contact come strumento di protezione da dinamiche manipolative.,#relazioni #psicologia #nocontact #manipolazioneemotiva #legamidiamore #consapevolezza,python apex7_orchestrator.py run --canale legamidiamore --video-sorgente https://www.youtube.com/watch?v=02m975jf_5A --phase 1
15,2026-09-10,19:00,A,PsicologiaFemminile-f8c,https://www.youtube.com/watch?v=DktUP9rCN0E,7 punti del corpo che le donne desiderano essere toccati (e che gli uomini trascurano sistematicamen,1.99,7 Punti Del Corpo Che Le Donne Vogliono Che Tu Tocchi (E Che Ignori),Ci sono 7 punti che la maggior parte degli uomini trascura completamente.,"7 punti del corpo spesso ignorati, ma decisivi per lei. Guarda fino alla fine.",#relazioni #psicologia #linguaggiodelcorpo #contatto #attrazione #legamidiamore,python apex7_orchestrator.py run --canale legamidiamore --video-sorgente https://www.youtube.com/watch?v=DktUP9rCN0E --phase 1
15,2026-09-10,20:30,B,PsicologiadellAttrazionee,https://www.youtube.com/watch?v=7nxChZi90IA,Cosa rende un uomo davvero attraente (Come diventare una calamita per le donne),0.44,Cosa Rende Davvero Un Uomo Attraente (Non E' Quello Che Pensi),Non e' l'aspetto. Ecco cosa rende davvero un uomo attraente.,"Il vero motore dell'attrattivita' maschile, spiegato con la psicologia, non con i miti.",#relazioni #psicologia #uomoattraente #attrazione #legamidiamore #crescitapersonale,python apex7_orchestrator.py run --canale legamidiamore --video-sorgente https://www.youtube.com/watch?v=7nxChZi90IA --phase 1
15,2026-09-10,21:30,C,DinamicheSocialiAcademy,https://www.youtube.com/watch?v=eYvgLsc47EM,Falla Innamorare Ignorandola Il Segreto Psicologico Che Nessuno Ti Dice,0.13,Il Paradosso Psicologico Per Cui A Volte Allontanarsi Avvicina Davvero,"A volte avvicinarsi allontana. E allontanarsi, paradossalmente, avvicina.","Il paradosso psicologico della distanza in amore, spiegato senza trucchi manipolativi.",#relazioni #psicologia #attrazione #legamidiamore #psicologiadellamore #veritascomoda,python apex7_orchestrator.py run --canale legamidiamore --video-sorgente https://www.youtube.com/watch?v=eYvgLsc47EM --phase 1
16,2026-09-11,19:00,A,PsicologiaFemminile-f8c,https://www.youtube.com/watch?v=PyUrlzY5xSU,"🔥 Quando una donna ti desidera, ti rivela sempre questi 3 segnali | Psicologia femminile 🔥",1.98,3 Segnali Che Una Donna Rivela Sempre Quando Ti Desidera Davvero,"Ci sono 3 segnali che rivela sempre, senza eccezioni.","Quando il desiderio e' reale, il corpo lo rivela sempre. Ecco i 3 segnali costanti.",#relazioni #psicologia #segnalidilei #desiderio #attrazione #legamidiamore,python apex7_orchestrator.py run --canale legamidiamore --video-sorgente https://www.youtube.com/watch?v=PyUrlzY5xSU --phase 1
16,2026-09-11,21:30,C,DinamicheSocialiAcademy,https://www.youtube.com/watch?v=HmGyw0ZMneM,Il passato della partner conta davvero 7 Tattiche di inganno,0.12,Il Passato Di Una Persona Conta Davvero In Amore? La Verita' Psicologica,"Il passato conta, ma non nel modo in cui te lo aspetti.",Quanto conta davvero il passato di una persona in una relazione — spiegato con la psicologia.,#relazioni #psicologia #veritascomoda #legamidiamore #societa #psicologiadellamore,python apex7_orchestrator.py run --canale legamidiamore --video-sorgente https://www.youtube.com/watch?v=HmGyw0ZMneM --phase 1
17,2026-09-12,19:00,A,PsicologiaFemminile-f8c,https://www.youtube.com/watch?v=VbVpAli50HU,"Una volta che gli uomini capiranno questo delle donne, gli appuntamenti cambieranno per sempre",1.94,"La Cosa Che, Una Volta Capita, Cambia Per Sempre Il Modo In Cui Corteggi","C'e' una cosa che, capita una volta, cambia tutto negli appuntamenti.","Un solo concetto psicologico che, capito bene, trasforma ogni primo appuntamento.",#relazioni #psicologia #appuntamenti #attrazione #legamidiamore #psicologiadellamore,python apex7_orchestrator.py run --canale legamidiamore --video-sorgente https://www.youtube.com/watch?v=VbVpAli50HU --phase 1
17,2026-09-12,20:30,B,PsicologiadellAttrazionee,https://www.youtube.com/watch?v=TX42B5ersPw,Pensavo Di Non Essere Attraente... (Poi Ho Notato Queste 7 Cose),0.37,"Pensavo Di Non Essere Attraente, Finche' Non Ho Notato Queste 7 Cose",Pensavo di non essere attraente. Poi ho notato 7 cose.,Una storia in prima persona su come cambia la percezione di se' notando questi 7 segnali.,#relazioni #psicologia #autostima #attrazione #legamidiamore #crescitapersonale,python apex7_orchestrator.py run --canale legamidiamore --video-sorgente https://www.youtube.com/watch?v=TX42B5ersPw --phase 1
17,2026-09-12,21:30,C,DinamicheSocialiAcademy,https://www.youtube.com/watch?v=XKCVkE49eMU,Come Capire la Mente Femminile e Smettere di Inseguire Il Segreto per Farsi Desiderare,0.1,Come Smettere Di Inseguire E Iniziare Ad Essere Desiderato Davvero,Smettere di inseguire non e' arrendersi. E' cambiare strategia.,La psicologia di come smettere di inseguire e diventare la persona desiderata.,#relazioni #psicologia #desiderio #legamidiamore #psicologiadellamore #crescitapersonale,python apex7_orchestrator.py run --canale legamidiamore --video-sorgente https://www.youtube.com/watch?v=XKCVkE49eMU --phase 1
18,2026-09-13,19:00,A,PsicologiaFemminile-f8c,https://www.youtube.com/watch?v=XuYWVuIRIWM,Come far eccitare un'amica... in soli 3 minuti! Psicologia femminile,1.92,"Come Far Nascere Attrazione In Un'Amica In Pochi Minuti (Psicologia, Non Trucchi)",In pochi minuti puoi cambiare il modo in cui ti vede.,"Passare dalla friendzone all'attrazione e' questione di psicologia, non di fortuna.",#relazioni #psicologia #friendzone #attrazione #legamidiamore #psicologiadellamore,python apex7_orchestrator.py run --canale legamidiamore --video-sorgente https://www.youtube.com/watch?v=XuYWVuIRIWM --phase 1
18,2026-09-13,20:30,B,PsicologiadellAttrazionee,https://www.youtube.com/watch?v=JowWCGsgFeI,Come Capire se una Donna è Attratta da Te (Segnali che Non Mente Mai),0.25,Come Capire Se E' Davvero Attratta Da Te (I Segnali Che Non Mentono Mai),Ci sono segnali che il corpo non riesce a nascondere. Mai.,"I segnali di attrazione che non mentono mai, anche quando le parole dicono altro.",#relazioni #psicologia #segnalidilei #attrazione #legamidiamore #tecnica,python apex7_orchestrator.py run --canale legamidiamore --video-sorgente https://www.youtube.com/watch?v=JowWCGsgFeI --phase 1
18,2026-09-13,21:30,C,DinamicheSocialiAcademy,https://www.youtube.com/watch?v=7OyC5rHdvr8,"8 Domande Trappola se rispondi così, hai già perso ⚠️",0.1,8 Domande Trappola Nelle Conversazioni (E Come Rispondere Senza Perdere Punti),Alcune domande sono trappole psicologiche. Ecco come non caderci.,8 domande trappola comuni nelle conversazioni e come gestirle senza sbagliare.,#relazioni #psicologia #conversazione #legamidiamore #attrazione #tecnica,python apex7_orchestrator.py run --canale legamidiamore --video-sorgente https://www.youtube.com/watch?v=7OyC5rHdvr8 --phase 1
19,2026-09-14,19:00,A,PsicologiaFemminile-f8c,https://www.youtube.com/watch?v=n2lhUxDWY0Q,7 Segnali che ha appena dormito con un altro | Psicologia Femminile,1.5,7 Segnali Comportamentali A Cui Prestare Attenzione Dopo Una Lunga Assenza,Il comportamento cambia sempre piu' delle parole — ecco cosa notare.,Non serve indagare: il comportamento rivela piu' di ogni parola. 7 segnali da osservare con calma.,#relazioni #psicologia #segnalidilei #comportamento #legamidiamore #psicologiadellamore,python apex7_orchestrator.py run --canale legamidiamore --video-sorgente https://www.youtube.com/watch?v=n2lhUxDWY0Q --phase 1
19,2026-09-14,21:30,C,DinamicheSocialiAcademy,https://www.youtube.com/watch?v=YnV7IFkLuUk,L'Errore Fatale che distrugge gli uomini a 40 anni Smetti di farlo!,0.1,L'Errore Che Distrugge Le Possibilita' Di Molti Uomini Dopo I 40 Anni,"Dopo i 40, un solo errore puo' rovinare tutto. Ecco quale.",L'errore psicologico piu' comune dopo i 40 anni — e come smettere di commetterlo.,#relazioni #psicologia #uomini #veritascomoda #legamidiamore #crescitapersonale,python apex7_orchestrator.py run --canale legamidiamore --video-sorgente https://www.youtube.com/watch?v=YnV7IFkLuUk --phase 1
20,2026-09-15,19:00,A,PsicologiaFemminile-f8c,https://www.youtube.com/watch?v=AzJuqmi7_sY,Come comportarsi con una donna che ti ha ferito | Stoicismo,1.48,Come Comportarti (Con Dignita') Con Una Donna Che Ti Ha Ferito,Non serve vendicarsi. Serve una strategia migliore.,La calma stoica come arma psicologica dopo una ferita d'amore. Ecco come applicarla.,#relazioni #psicologia #stoicismo #resilienza #legamidiamore #crescitapersonale,python apex7_orchestrator.py run --canale legamidiamore --video-sorgente https://www.youtube.com/watch?v=AzJuqmi7_sY --phase 1
20,2026-09-15,21:30,C,DinamicheSocialiAcademy,https://www.youtube.com/watch?v=ZVbafCxosrU,6 Errori che distruggono il flirt la soluzione è,0.1,6 Errori Che Distruggono Il Flirt Prima Ancora Che Inizi,"Il flirt muore spesso nei primi secondi, per 6 errori precisi.",6 errori comuni che uccidono il flirt sul nascere — e come evitarli.,#relazioni #psicologia #flirt #errori #legamidiamore #tecnica,python apex7_orchestrator.py run --canale legamidiamore --video-sorgente https://www.youtube.com/watch?v=ZVbafCxosrU --phase 1
21,2026-09-16,20:30,B,PsicologiadellAttrazionee,https://www.youtube.com/watch?v=RliwdVK63TQ,Come Farle Cambiare Idea Anche Se All'Inizio Non Era Interessata,0.25,Come Far Cambiare Idea A Una Donna Che All'Inizio Non Era Interessata,Il primo 'no' non e' sempre definitivo. Ecco come cambia una prima impressione.,"La psicologia di come cambia una prima impressione, spiegata passo per passo.",#relazioni #psicologia #primaimpressione #tecnica #legamidiamore #attrazione,python apex7_orchestrator.py run --canale legamidiamore --video-sorgente https://www.youtube.com/watch?v=RliwdVK63TQ --phase 1
21,2026-09-16,19:00,A,PsicologiaFemminile-f8c,https://www.youtube.com/watch?v=wRepp7aPTcU,BACIALA QUI E ti supplicherà di portarla a casa stasera. Psicologia dell'amore,1.37,Il Punto Esatto Da Baciare Che Accende L'Attrazione (Spiegazione Psicologica),Non tutti i baci sono uguali — la posizione conta piu' di quanto pensi.,La psicologia del bacio: un punto preciso che intensifica l'attrazione reciproca.,#relazioni #psicologia #attrazione #baci #legamidiamore #psicologiadellamore,python apex7_orchestrator.py run --canale legamidiamore --video-sorgente https://www.youtube.com/watch?v=wRepp7aPTcU --phase 1
22,2026-09-17,19:00,A,PsicologiaFemminile-f8c,https://www.youtube.com/watch?v=FWFGk9fthJ0,Le donne più giovani ODIANO quando gli uomini più grandi fanno questo 😳 | 7 abitudini poco attraenti,1.22,7 Abitudini Che Rendono Un Uomo Meno Attraente (Anche Se Non Se Ne Accorge),Ci sono abitudini che tolgono attrazione senza che tu te ne accorga.,7 abitudini comuni che spengono l'attrazione — riconoscile prima che sia tardi.,#relazioni #psicologia #attrazione #abitudini #legamidiamore #psicologiadellamore,python apex7_orchestrator.py run --canale legamidiamore --video-sorgente https://www.youtube.com/watch?v=FWFGk9fthJ0 --phase 1
22,2026-09-17,21:30,C,DinamicheSocialiAcademy,https://www.youtube.com/watch?v=RrB8zhxomVc,Relazioni 2026 L'Unica Mossa Vincente è NON GIOCARE 🚪,0.09,Relazioni Nel 2026: L'Unica Mossa Vincente E' Smettere Di Giocare,Nel 2026 la strategia vincente e' una sola: smettere di giocare.,Perche' nel 2026 l'autenticita' batte ogni gioco psicologico nelle relazioni.,#relazioni #psicologia #dating2026 #veritascomoda #legamidiamore #societa,python apex7_orchestrator.py run --canale legamidiamore --video-sorgente https://www.youtube.com/watch?v=RrB8zhxomVc --phase 1
23,2026-09-18,19:00,A,PsicologiaFemminile-f8c,https://www.youtube.com/watch?v=2q8baJHw53M,6 segnali che indicano che le donne ti trovano attraente (ma non lo dicono) #psicologia,1.2,6 Segnali Che Una Donna Ti Trova Attraente (Anche Se Non Lo Dira' Mai),"Non lo dira' mai a voce, ma questi 6 segnali parlano chiaro.",L'attrazione femminile si nasconde in gesti piccoli. Ecco i 6 segnali da notare.,#relazioni #psicologia #segnalidilei #attrazione #legamidiamore #psicologiadellamore,python apex7_orchestrator.py run --canale legamidiamore --video-sorgente https://www.youtube.com/watch?v=2q8baJHw53M --phase 1
23,2026-09-18,21:30,C,DinamicheSocialiAcademy,https://www.youtube.com/watch?v=PcQUfbRDZDQ,Smetti di Fare il Bravo Ragazzo Il Trucco del Confine a Freddo per Farti Rispettare 🧊,0.09,Smetti Di Essere Solo Gentile: Il Confine Psicologico Che Ti Fa Rispettare,La gentilezza senza confini non genera rispetto. Genera l'opposto.,Come porre un confine psicologico chiaro senza smettere di essere una brava persona.,#relazioni #psicologia #rispetto #confini #legamidiamore #crescitapersonale,python apex7_orchestrator.py run --canale legamidiamore --video-sorgente https://www.youtube.com/watch?v=PcQUfbRDZDQ --phase 1
24,2026-09-19,19:00,A,PsicologiaFemminile-f8c,https://www.youtube.com/watch?v=WCW_GzBEdmE,😱 Mio suocero ha fatto quello che mio marito non ha mai osato fare | Storia vera,1.16,Una Storia Vera Che Spiega Meglio Di Mille Consigli Cosa Vuole Davvero Una Donna,A volte una storia vera insegna piu' di dieci consigli.,Una storia vera sul gesto che fa davvero la differenza in una relazione.,#relazioni #psicologia #storievere #legamidiamore #psicologiadellamore #attrazione,python apex7_orchestrator.py run --canale legamidiamore --video-sorgente https://www.youtube.com/watch?v=WCW_GzBEdmE --phase 1
24,2026-09-19,20:30,B,PsicologiadellAttrazionee,https://www.youtube.com/watch?v=QrYtxeuxZwk,5 Segreti Psicologici che Fanno Impazzire le Donne di Te,0.24,5 Principi Psicologici Che Aumentano Davvero Il Tuo Fascino,"5 principi psicologici, non trucchi da manuale — ecco quali sono.","5 principi di psicologia dell'attrazione applicabili da subito, spiegati uno per uno.",#relazioni #psicologia #fascino #tecnica #legamidiamore #attrazione,python apex7_orchestrator.py run --canale legamidiamore --video-sorgente https://www.youtube.com/watch?v=QrYtxeuxZwk --phase 1
24,2026-09-19,21:30,C,DinamicheSocialiAcademy,https://www.youtube.com/watch?v=35-dXJiLisw,Smetti di Essere Sempre Disponibile L'Errore Che Ti Rende Invisibile,0.08,Perche' Essere Sempre Disponibile Ti Rende Meno Attraente (Non Piu'),La disponibilita' totale non attira. Fa l'esatto contrario.,"La psicologia di perche' la disponibilita' costante riduce, invece di aumentare, l'attrazione.",#relazioni #psicologia #attrazione #veritascomoda #legamidiamore #crescitapersonale,python apex7_orchestrator.py run --canale legamidiamore --video-sorgente https://www.youtube.com/watch?v=35-dXJiLisw --phase 1
25,2026-09-20,19:00,A,PsicologiaFemminile-f8c,https://www.youtube.com/watch?v=K_Xvm5xtH5o,Si comporta in modo freddo... ma questi segnali indicano che è ossessionata da te,1.06,"Fredda In Apparenza, Ma Questi Segnali Dicono Che In Realta' Pensa Solo A Te",La freddezza puo' essere una maschera — questi segnali lo dimostrano.,Comportamento freddo non sempre significa disinteresse. Ecco i segnali contraddittori da leggere.,#relazioni #psicologia #segnalidilei #contraddizione #attrazione #legamidiamore,python apex7_orchestrator.py run --canale legamidiamore --video-sorgente https://www.youtube.com/watch?v=K_Xvm5xtH5o --phase 1
25,2026-09-20,20:30,B,PsicologiadellAttrazionee,https://www.youtube.com/watch?v=AeR7lnC8WA4,Stai Uccidendo l’Attrazione Senza Saperlo: (7 Errori da Evitare Ora),0.18,7 Errori Che Uccidono L'Attrazione Senza Che Tu Te Ne Accorga,Forse stai spegnendo l'attrazione senza saperlo. Ecco 7 errori comuni.,7 errori comuni che eliminano l'attrazione — riconoscerli e' il primo passo per smettere.,#relazioni #psicologia #errori #attrazione #legamidiamore #tecnica,python apex7_orchestrator.py run --canale legamidiamore --video-sorgente https://www.youtube.com/watch?v=AeR7lnC8WA4 --phase 1
25,2026-09-20,21:30,C,DinamicheSocialiAcademy,https://www.youtube.com/watch?v=HAnjvUyv-nQ,Relazioni 2026 Perché è un Gioco Truccato e come vincere,0.08,Perche' Le Relazioni Nel 2026 Sembrano Un Gioco Truccato (E Come Muoversi Davvero),Le regole del dating sono cambiate. Ecco come muoversi davvero oggi.,Come muoversi con lucidita' in un contesto di dating che sembra cambiato per sempre.,#relazioni #psicologia #dating2026 #societa #legamidiamore #veritascomoda,python apex7_orchestrator.py run --canale legamidiamore --video-sorgente https://www.youtube.com/watch?v=HAnjvUyv-nQ --phase 1
26,2026-09-21,19:00,A,PsicologiaFemminile-f8c,https://www.youtube.com/watch?v=IhCMUfkD_oM,"Smetti di dire ""Sei bellissima""... Dì invece queste 8 cose che lei sentirà.",1.04,8 Frasi Che Colpiscono Una Donna Molto Piu' Di 'Sei Bellissima',Smetti di dirle che e' bella. Dille questo invece.,"8 frasi alternative, psicologicamente piu' efficaci del solito complimento sull'aspetto.",#relazioni #psicologia #complimenti #legamidiamore #psicologiadellamore #attrazione,python apex7_orchestrator.py run --canale legamidiamore --video-sorgente https://www.youtube.com/watch?v=IhCMUfkD_oM --phase 1
26,2026-09-21,21:30,C,DinamicheSocialiAcademy,https://www.youtube.com/watch?v=NCWBYUCS2KU,Sei solo un partner di transizione 5 segnali per capire se ti sta usando per dimenticare l'ex,0.07,5 Segnali Per Capire Se Sei Solo Un Partner Di Transizione (Non Il Vero Obiettivo),A volte non sei l'obiettivo. Sei la transizione verso qualcun altro.,5 segnali psicologici per capire se sei un partner di transizione — e proteggerti.,#relazioni #psicologia #consapevolezza #legamidiamore #societa #veritascomoda,python apex7_orchestrator.py run --canale legamidiamore --video-sorgente https://www.youtube.com/watch?v=NCWBYUCS2KU --phase 1
27,2026-09-22,19:00,A,PsicologiaFemminile-f8c,https://www.youtube.com/watch?v=cDsuI-bnIAc,10 cose che NON dovresti MAI fare per una donna - Psicologia femminile,0.84,10 Cose Che Non Dovresti Mai Fare Per Una Donna (Anche Se Sembrano Romantiche),"Alcune cose che fai per amore, in realta', allontanano.",10 comportamenti apparentemente romantici che in psicologia fanno l'effetto opposto.,#relazioni #psicologia #erroricomuni #legamidiamore #psicologiadellamore #attrazione,python apex7_orchestrator.py run --canale legamidiamore --video-sorgente https://www.youtube.com/watch?v=cDsuI-bnIAc --phase 1
27,2026-09-22,21:30,C,DinamicheSocialiAcademy,https://www.youtube.com/watch?v=QMLgtRlczqY,Come Il Silenzio La Costringe A Inseguirti E Rispettarti,0.06,"Perche' Il Silenzio, Usato Bene, Genera Piu' Rispetto Di Mille Parole",A volte il silenzio comunica piu' di qualsiasi discorso.,"La psicologia del silenzio come strumento di rispetto reciproco, non come punizione.",#relazioni #psicologia #rispetto #legamidiamore #tecnica #crescitapersonale,python apex7_orchestrator.py run --canale legamidiamore --video-sorgente https://www.youtube.com/watch?v=QMLgtRlczqY --phase 1
28,2026-09-23,20:30,B,PsicologiadellAttrazionee,https://www.youtube.com/watch?v=BRMzetoc3UE,7 segnali che ti scrive perché è gelosa (anche se non lo dirà mai),0.17,7 Segnali Che Ti Scrive Per Gelosia (Anche Se Dira' Il Contrario),A volte scrive per un motivo che non ammettera' mai: la gelosia.,"7 segnali che rivelano quando un messaggio nasconde gelosia, non semplice curiosita'.",#relazioni #psicologia #gelosia #segnalidilei #legamidiamore #attrazione,python apex7_orchestrator.py run --canale legamidiamore --video-sorgente https://www.youtube.com/watch?v=BRMzetoc3UE --phase 1
28,2026-09-23,21:30,C,DinamicheSocialiAcademy,https://www.youtube.com/watch?v=PEeGQOAKs7U,🏆 Sei stato scelto o solo SELEZIONATO La verità che ti cambierà la vita 💔,0.06,'Scelto' O Solo 'Selezionato'? La Differenza Psicologica Che Cambia Tutto,C'e' una differenza enorme tra essere scelto ed essere solo selezionato.,"La differenza psicologica, spesso ignorata, tra essere davvero scelti e solo selezionati.",#relazioni #psicologia #veritascomoda #legamidiamore #societa #crescitapersonale,python apex7_orchestrator.py run --canale legamidiamore --video-sorgente https://www.youtube.com/watch?v=PEeGQOAKs7U --phase 1
29,2026-09-24,19:00,A,PsicologiaFemminile-f8c,https://www.youtube.com/watch?v=1OPc6tk27_Q,🔥 4 segnali che indicano che lei ti desidera segretamente: riconoscili prima che sia troppo tardi!,0.81,"4 Segnali Silenziosi Che Rivelano Il Desiderio Di Una Donna (Solo Corpo, Zero Parole)",Il corpo comunica desiderio anche quando le parole tacciono.,"4 segnali di solo linguaggio del corpo — nessuna parola, solo psicologia non verbale.",#relazioni #psicologia #linguaggiodelcorpo #desiderio #legamidiamore #attrazione,python apex7_orchestrator.py run --canale legamidiamore --video-sorgente https://www.youtube.com/watch?v=1OPc6tk27_Q --phase 1
29,2026-09-24,21:30,C,DinamicheSocialiAcademy,https://www.youtube.com/watch?v=GD2g0extf9w,6 Verità sulla Psicologia Femminile che ti Salveranno dai Fallimenti ⚠️,0.06,6 Verita' Sulla Psicologia Femminile Che Evitano Gli Errori Piu' Comuni,"6 verita' che, se le conosci prima, ti evitano gli errori piu' comuni.","6 verita' di base sulla psicologia femminile, spiegate per evitare i fallimenti piu' frequenti.",#relazioni #psicologia #psicologiafemminile #legamidiamore #veritascomoda #crescitapersonale,python apex7_orchestrator.py run --canale legamidiamore --video-sorgente https://www.youtube.com/watch?v=GD2g0extf9w --phase 1
30,2026-09-25,19:00,A,PsicologiaFemminile-f8c,https://www.youtube.com/watch?v=IWVC1FtczxU,"SE NASCONDE QUALCOSA, QUESTI CAMBIAMENTI COMINCIANO A MANIFESTARE",0.73,"Se Ti Nasconde Qualcosa, Questi Cambiamenti Comportamentali Emergono Per Primi","Quando si nasconde qualcosa, il comportamento cambia prima delle parole.",I primi segnali comportamentali che emergono quando c'e' qualcosa di non detto.,#relazioni #psicologia #comportamento #segnalidilei #legamidiamore #psicologiadellamore,python apex7_orchestrator.py run --canale legamidiamore --video-sorgente https://www.youtube.com/watch?v=IWVC1FtczxU --phase 1
30,2026-09-25,21:30,C,DinamicheSocialiAcademy,https://www.youtube.com/watch?v=ByvZnDPxqvI,Le farfalle nello stomaco Sono un allarme,0.06,Le Farfalle Nello Stomaco Non Sono Sempre Amore: Ecco Cosa Sono Davvero,Le farfalle nello stomaco non sono sempre un buon segno.,Cosa dice davvero la psicologia sulle farfalle nello stomaco — non e' sempre amore.,#relazioni #psicologia #veritascomoda #legamidiamore #psicologiadellamore #societa,python apex7_orchestrator.py run --canale legamidiamore --video-sorgente https://www.youtube.com/watch?v=ByvZnDPxqvI --phase 1
